{"cameraMode":{"drawMode":0,"name":"Shaded","section":"Shading Mode"},"sceneLighting":true,"audioPlay":false,"sceneViewState":{"m_AlwaysRefresh":false,"showFog":true,"showSkybox":true,"showFlares":true,"showImageEffects":true,"showParticleSystems":true,"showVisualEffectGraphs":true,"m_FxEnabled":false},"in2DMode":false,"pivot":{"x":271.9438171386719,"y":430.32586669921877,"z":47.77771759033203},"rotation":{"x":0.01978951506316662,"y":-0.0015017298283055425,"z":-0.000033495165553176776,"w":-0.9998140335083008},"size":239.54505920410157,"orthographic":false}